[{"model": "admin.logentry", "pk": 1, "fields": {"action_time": "2021-08-26T10:28:37.025Z", "user": 1, "content_type": 8, "object_id": "backend", "object_repr": "Бекэнд", "action_flag": 1, "change_message": "[{\"added\": {}}]"}}, {"model": "admin.logentry", "pk": 2, "fields": {"action_time": "2021-08-26T10:28:50.013Z", "user": 1, "content_type": 8, "object_id": "design", "object_repr": "Дизайн", "action_flag": 1, "change_message": "[{\"added\": {}}]"}}, {"model": "admin.logentry", "pk": 3, "fields": {"action_time": "2021-08-26T10:29:06.797Z", "user": 1, "content_type": 8, "object_id": "devops", "object_repr": "Девопс", "action_flag": 1, "change_message": "[{\"added\": {}}]"}}, {"model": "admin.logentry", "pk": 4, "fields": {"action_time": "2021-08-26T10:29:20.896Z", "user": 1, "content_type": 8, "object_id": "frontend", "object_repr": "Фронтенд", "action_flag": 1, "change_message": "[{\"added\": {}}]"}}, {"model": "admin.logentry", "pk": 5, "fields": {"action_time": "2021-08-26T10:29:37.272Z", "user": 1, "content_type": 8, "object_id": "gamedev", "object_repr": "Геймдев", "action_flag": 1, "change_message": "[{\"added\": {}}]"}}, {"model": "admin.logentry", "pk": 6, "fields": {"action_time": "2021-08-26T10:30:07.604Z", "user": 1, "content_type": 8, "object_id": "management", "object_repr": "Менеджмент", "action_flag": 1, "change_message": "[{\"added\": {}}]"}}, {"model": "admin.logentry", "pk": 7, "fields": {"action_time": "2021-08-26T10:30:23.148Z", "user": 1, "content_type": 8, "object_id": "products", "object_repr": "Продукты", "action_flag": 1, "change_message": "[{\"added\": {}}]"}}, {"model": "admin.logentry", "pk": 8, "fields": {"action_time": "2021-08-26T10:30:38.415Z", "user": 1, "content_type": 8, "object_id": "testing", "object_repr": "Тестирование", "action_flag": 1, "change_message": "[{\"added\": {}}]"}}, {"model": "admin.logentry", "pk": 9, "fields": {"action_time": "2021-08-26T10:32:27.037Z", "user": 1, "content_type": 4, "object_id": "2", "object_repr": "denant1992", "action_flag": 1, "change_message": "[{\"added\": {}}]"}}, {"model": "admin.logentry", "pk": 10, "fields": {"action_time": "2021-08-26T10:32:52.480Z", "user": 1, "content_type": 4, "object_id": "3", "object_repr": "denant1993", "action_flag": 1, "change_message": "[{\"added\": {}}]"}}, {"model": "admin.logentry", "pk": 11, "fields": {"action_time": "2021-08-26T10:33:25.450Z", "user": 1, "content_type": 4, "object_id": "4", "object_repr": "testuser", "action_flag": 1, "change_message": "[{\"added\": {}}]"}}, {"model": "admin.logentry", "pk": 12, "fields": {"action_time": "2021-08-26T10:33:37.203Z", "user": 1, "content_type": 4, "object_id": "5", "object_repr": "cringe_hotel", "action_flag": 1, "change_message": "[{\"added\": {}}]"}}, {"model": "admin.logentry", "pk": 13, "fields": {"action_time": "2021-08-26T10:33:45.110Z", "user": 1, "content_type": 4, "object_id": "6", "object_repr": "cheyz", "action_flag": 1, "change_message": "[{\"added\": {}}]"}}, {"model": "admin.logentry", "pk": 14, "fields": {"action_time": "2021-08-26T10:33:54.745Z", "user": 1, "content_type": 4, "object_id": "7", "object_repr": "pop_it", "action_flag": 1, "change_message": "[{\"added\": {}}]"}}, {"model": "admin.logentry", "pk": 15, "fields": {"action_time": "2021-08-26T10:34:09.571Z", "user": 1, "content_type": 4, "object_id": "8", "object_repr": "areando", "action_flag": 1, "change_message": "[{\"added\": {}}]"}}, {"model": "admin.logentry", "pk": 16, "fields": {"action_time": "2021-08-26T10:35:11.462Z", "user": 1, "content_type": 7, "object_id": "1", "object_repr": "Workiro", "action_flag": 1, "change_message": "[{\"added\": {}}]"}}, {"model": "admin.logentry", "pk": 17, "fields": {"action_time": "2021-08-26T10:35:39.170Z", "user": 1, "content_type": 7, "object_id": "2", "object_repr": "Rebelrage", "action_flag": 1, "change_message": "[{\"added\": {}}]"}}, {"model": "admin.logentry", "pk": 18, "fields": {"action_time": "2021-08-26T10:36:01.165Z", "user": 1, "content_type": 7, "object_id": "3", "object_repr": "StaffingsmarterR", "action_flag": 1, "change_message": "[{\"added\": {}}]"}}, {"model": "admin.logentry", "pk": 19, "fields": {"action_time": "2021-08-26T10:36:27.019Z", "user": 1, "content_type": 7, "object_id": "4", "object_repr": "Evilthreath", "action_flag": 1, "change_message": "[{\"added\": {}}]"}}, {"model": "admin.logentry", "pk": 20, "fields": {"action_time": "2021-08-26T10:36:48.560Z", "user": 1, "content_type": 7, "object_id": "5", "object_repr": "Hirey", "action_flag": 1, "change_message": "[{\"added\": {}}]"}}, {"model": "admin.logentry", "pk": 21, "fields": {"action_time": "2021-08-26T10:37:12.118Z", "user": 1, "content_type": 7, "object_id": "6", "object_repr": "Swiftattack", "action_flag": 1, "change_message": "[{\"added\": {}}]"}}, {"model": "admin.logentry", "pk": 22, "fields": {"action_time": "2021-08-26T10:37:34.988Z", "user": 1, "content_type": 7, "object_id": "7", "object_repr": "Troller", "action_flag": 1, "change_message": "[{\"added\": {}}]"}}, {"model": "admin.logentry", "pk": 23, "fields": {"action_time": "2021-08-26T10:38:21.031Z", "user": 1, "content_type": 7, "object_id": "8", "object_repr": "Primalassault", "action_flag": 1, "change_message": "[{\"added\": {}}]"}}, {"model": "admin.logentry", "pk": 24, "fields": {"action_time": "2021-08-26T10:39:34.991Z", "user": 1, "content_type": 9, "object_id": "1", "object_repr": "QA Engineer / Тестировщик ПО", "action_flag": 1, "change_message": "[{\"added\": {}}]"}}, {"model": "admin.logentry", "pk": 25, "fields": {"action_time": "2021-08-26T10:40:02.039Z", "user": 1, "content_type": 9, "object_id": "2", "object_repr": "Junior QA Engineer", "action_flag": 1, "change_message": "[{\"added\": {}}]"}}, {"model": "admin.logentry", "pk": 26, "fields": {"action_time": "2021-08-26T10:40:30.286Z", "user": 1, "content_type": 9, "object_id": "3", "object_repr": "Junior QA engineer", "action_flag": 1, "change_message": "[{\"added\": {}}]"}}, {"model": "admin.logentry", "pk": 27, "fields": {"action_time": "2021-08-26T10:40:58.283Z", "user": 1, "content_type": 9, "object_id": "4", "object_repr": "Тестировщик ПО / QA Engineer", "action_flag": 1, "change_message": "[{\"added\": {}}]"}}, {"model": "admin.logentry", "pk": 28, "fields": {"action_time": "2021-08-26T10:41:28.024Z", "user": 1, "content_type": 9, "object_id": "5", "object_repr": "Продакт-менеджер", "action_flag": 1, "change_message": "[{\"added\": {}}]"}}, {"model": "admin.logentry", "pk": 29, "fields": {"action_time": "2021-08-26T10:41:51.648Z", "user": 1, "content_type": 9, "object_id": "6", "object_repr": "Менеджер по продукту UI/UX", "action_flag": 1, "change_message": "[{\"added\": {}}]"}}, {"model": "admin.logentry", "pk": 30, "fields": {"action_time": "2021-08-26T10:42:19.856Z", "user": 1, "content_type": 9, "object_id": "7", "object_repr": "Product manager", "action_flag": 1, "change_message": "[{\"added\": {}}]"}}, {"model": "admin.logentry", "pk": 31, "fields": {"action_time": "2021-08-26T10:42:42.829Z", "user": 1, "content_type": 9, "object_id": "8", "object_repr": "Менеджер", "action_flag": 1, "change_message": "[{\"added\": {}}]"}}, {"model": "admin.logentry", "pk": 32, "fields": {"action_time": "2021-08-26T10:43:16.027Z", "user": 1, "content_type": 9, "object_id": "9", "object_repr": "Менеджер", "action_flag": 1, "change_message": "[{\"added\": {}}]"}}, {"model": "admin.logentry", "pk": 33, "fields": {"action_time": "2021-08-26T10:43:43.917Z", "user": 1, "content_type": 9, "object_id": "10", "object_repr": "2D-художник (adult content)", "action_flag": 1, "change_message": "[{\"added\": {}}]"}}, {"model": "admin.logentry", "pk": 34, "fields": {"action_time": "2021-08-26T10:44:05.858Z", "user": 1, "content_type": 9, "object_id": "11", "object_repr": "Game Designer (Гейм дизайнер)", "action_flag": 1, "change_message": "[{\"added\": {}}]"}}, {"model": "admin.logentry", "pk": 35, "fields": {"action_time": "2021-08-26T10:44:29.941Z", "user": 1, "content_type": 9, "object_id": "12", "object_repr": "2D аниматор Motion designer", "action_flag": 1, "change_message": "[{\"added\": {}}]"}}, {"model": "admin.logentry", "pk": 36, "fields": {"action_time": "2021-08-26T10:44:54.365Z", "user": 1, "content_type": 9, "object_id": "13", "object_repr": "Middle Game Designer", "action_flag": 1, "change_message": "[{\"added\": {}}]"}}, {"model": "admin.logentry", "pk": 37, "fields": {"action_time": "2021-08-26T10:45:13.694Z", "user": 1, "content_type": 9, "object_id": "14", "object_repr": "3D Аниматор", "action_flag": 1, "change_message": "[{\"added\": {}}]"}}, {"model": "admin.logentry", "pk": 38, "fields": {"action_time": "2021-08-26T10:45:42.722Z", "user": 1, "content_type": 9, "object_id": "15", "object_repr": "Junior Game Designer", "action_flag": 1, "change_message": "[{\"added\": {}}]"}}, {"model": "admin.logentry", "pk": 39, "fields": {"action_time": "2021-08-26T10:46:02.962Z", "user": 1, "content_type": 9, "object_id": "16", "object_repr": "React разработчик (junior)", "action_flag": 1, "change_message": "[{\"added\": {}}]"}}, {"model": "admin.logentry", "pk": 40, "fields": {"action_time": "2021-08-26T10:46:22.403Z", "user": 1, "content_type": 9, "object_id": "17", "object_repr": "Frontend Developer (React)", "action_flag": 1, "change_message": "[{\"added\": {}}]"}}, {"model": "admin.logentry", "pk": 41, "fields": {"action_time": "2021-08-26T10:46:43.016Z", "user": 1, "content_type": 9, "object_id": "18", "object_repr": "Frontend developer (React)", "action_flag": 1, "change_message": "[{\"added\": {}}]"}}, {"model": "admin.logentry", "pk": 42, "fields": {"action_time": "2021-08-26T10:47:01.653Z", "user": 1, "content_type": 9, "object_id": "19", "object_repr": "Junior Frontend-разработчик", "action_flag": 1, "change_message": "[{\"added\": {}}]"}}, {"model": "admin.logentry", "pk": 43, "fields": {"action_time": "2021-08-26T10:47:28.609Z", "user": 1, "content_type": 9, "object_id": "20", "object_repr": "Frontend разработчик (React.js)", "action_flag": 1, "change_message": "[{\"added\": {}}]"}}, {"model": "admin.logentry", "pk": 44, "fields": {"action_time": "2021-08-26T10:48:01.174Z", "user": 1, "content_type": 9, "object_id": "21", "object_repr": "Web-разработчик", "action_flag": 1, "change_message": "[{\"added\": {}}]"}}, {"model": "admin.logentry", "pk": 45, "fields": {"action_time": "2021-08-26T10:48:21.306Z", "user": 1, "content_type": 9, "object_id": "22", "object_repr": "DevOps (Azure Pipelines)", "action_flag": 1, "change_message": "[{\"added\": {}}]"}}, {"model": "admin.logentry", "pk": 46, "fields": {"action_time": "2021-08-26T10:48:41.105Z", "user": 1, "content_type": 9, "object_id": "23", "object_repr": "Junior DevOps Engineer", "action_flag": 1, "change_message": "[{\"added\": {}}]"}}, {"model": "admin.logentry", "pk": 47, "fields": {"action_time": "2021-08-26T10:49:03.029Z", "user": 1, "content_type": 9, "object_id": "24", "object_repr": "DevOps-инженер", "action_flag": 1, "change_message": "[{\"added\": {}}]"}}, {"model": "admin.logentry", "pk": 48, "fields": {"action_time": "2021-08-26T10:49:22.054Z", "user": 1, "content_type": 9, "object_id": "25", "object_repr": "DevOps (Remote)", "action_flag": 1, "change_message": "[{\"added\": {}}]"}}, {"model": "admin.logentry", "pk": 49, "fields": {"action_time": "2021-08-26T10:49:46.253Z", "user": 1, "content_type": 9, "object_id": "26", "object_repr": "DevOps Engineer", "action_flag": 1, "change_message": "[{\"added\": {}}]"}}, {"model": "admin.logentry", "pk": 50, "fields": {"action_time": "2021-08-26T10:50:05.661Z", "user": 1, "content_type": 9, "object_id": "27", "object_repr": "DevOps engineer (Kubernetes)", "action_flag": 1, "change_message": "[{\"added\": {}}]"}}, {"model": "admin.logentry", "pk": 51, "fields": {"action_time": "2021-08-26T10:50:39.302Z", "user": 1, "content_type": 9, "object_id": "28", "object_repr": "UX/UI дизайнер", "action_flag": 1, "change_message": "[{\"added\": {}}]"}}, {"model": "admin.logentry", "pk": 52, "fields": {"action_time": "2021-08-26T10:51:10.433Z", "user": 1, "content_type": 9, "object_id": "29", "object_repr": "Дизайнер-верстальщик", "action_flag": 1, "change_message": "[{\"added\": {}}]"}}, {"model": "admin.logentry", "pk": 53, "fields": {"action_time": "2021-08-26T10:51:29.998Z", "user": 1, "content_type": 9, "object_id": "30", "object_repr": "Помощник дизайнера", "action_flag": 1, "change_message": "[{\"added\": {}}]"}}, {"model": "admin.logentry", "pk": 54, "fields": {"action_time": "2021-08-26T10:51:50.873Z", "user": 1, "content_type": 9, "object_id": "31", "object_repr": "Графический дизайнер", "action_flag": 1, "change_message": "[{\"added\": {}}]"}}, {"model": "admin.logentry", "pk": 55, "fields": {"action_time": "2021-08-26T10:52:12.771Z", "user": 1, "content_type": 9, "object_id": "32", "object_repr": "Дизайнер middle", "action_flag": 1, "change_message": "[{\"added\": {}}]"}}, {"model": "admin.logentry", "pk": 56, "fields": {"action_time": "2021-08-26T10:52:52.070Z", "user": 1, "content_type": 9, "object_id": "33", "object_repr": "Веб-дизайнер", "action_flag": 1, "change_message": "[{\"added\": {}}]"}}, {"model": "admin.logentry", "pk": 57, "fields": {"action_time": "2021-08-26T10:53:19.161Z", "user": 1, "content_type": 9, "object_id": "34", "object_repr": "Middle C/C   разработчик", "action_flag": 1, "change_message": "[{\"added\": {}}]"}}, {"model": "admin.logentry", "pk": 58, "fields": {"action_time": "2021-08-26T10:53:39.901Z", "user": 1, "content_type": 9, "object_id": "35", "object_repr": "Грамотный питон разработчик", "action_flag": 1, "change_message": "[{\"added\": {}}]"}}, {"model": "admin.logentry", "pk": 59, "fields": {"action_time": "2021-08-26T10:54:00.451Z", "user": 1, "content_type": 9, "object_id": "36", "object_repr": "Мидл программист на Python", "action_flag": 1, "change_message": "[{\"added\": {}}]"}}, {"model": "admin.logentry", "pk": 60, "fields": {"action_time": "2021-08-26T10:54:21.342Z", "user": 1, "content_type": 9, "object_id": "37", "object_repr": "Middle SWIFT-разработчик", "action_flag": 1, "change_message": "[{\"added\": {}}]"}}, {"model": "admin.logentry", "pk": 61, "fields": {"action_time": "2021-08-26T10:54:39.441Z", "user": 1, "content_type": 9, "object_id": "38", "object_repr": "Разработчик в проект на Django", "action_flag": 1, "change_message": "[{\"added\": {}}]"}}, {"model": "admin.logentry", "pk": 62, "fields": {"action_time": "2021-08-26T10:55:01.582Z", "user": 1, "content_type": 9, "object_id": "39", "object_repr": "Разработчик на Python", "action_flag": 1, "change_message": "[{\"added\": {}}]"}}, {"model": "admin.logentry", "pk": 63, "fields": {"action_time": "2021-08-26T11:05:45.901Z", "user": 1, "content_type": 4, "object_id": "8", "object_repr": "areando", "action_flag": 2, "change_message": "[{\"changed\": {\"fields\": [\"First name\", \"Last name\"]}}]"}}, {"model": "admin.logentry", "pk": 64, "fields": {"action_time": "2021-08-26T13:10:37.257Z", "user": 1, "content_type": 8, "object_id": "backend", "object_repr": "Бекэнд", "action_flag": 2, "change_message": "[]"}}, {"model": "admin.logentry", "pk": 65, "fields": {"action_time": "2021-08-30T08:54:33.510Z", "user": 1, "content_type": 9, "object_id": "40", "object_repr": "Название вакансии", "action_flag": 3, "change_message": ""}}, {"model": "admin.logentry", "pk": 66, "fields": {"action_time": "2021-08-30T08:56:41.148Z", "user": 1, "content_type": 9, "object_id": "40", "object_repr": "Название вакансии", "action_flag": 3, "change_message": ""}}, {"model": "admin.logentry", "pk": 67, "fields": {"action_time": "2021-08-30T09:01:32.711Z", "user": 1, "content_type": 9, "object_id": "40", "object_repr": "Название вакансии", "action_flag": 3, "change_message": ""}}, {"model": "admin.logentry", "pk": 68, "fields": {"action_time": "2021-08-30T09:05:05.962Z", "user": 1, "content_type": 9, "object_id": "40", "object_repr": "Название вакансии", "action_flag": 3, "change_message": ""}}, {"model": "admin.logentry", "pk": 69, "fields": {"action_time": "2021-08-30T09:09:07.825Z", "user": 1, "content_type": 9, "object_id": "40", "object_repr": "Название вакансии", "action_flag": 3, "change_message": ""}}, {"model": "admin.logentry", "pk": 70, "fields": {"action_time": "2021-08-30T11:06:11.605Z", "user": 1, "content_type": 9, "object_id": "42", "object_repr": "Название вакансии", "action_flag": 3, "change_message": ""}}, {"model": "admin.logentry", "pk": 71, "fields": {"action_time": "2021-08-30T11:06:11.612Z", "user": 1, "content_type": 9, "object_id": "41", "object_repr": "Название вакансии", "action_flag": 3, "change_message": ""}}, {"model": "admin.logentry", "pk": 72, "fields": {"action_time": "2021-08-30T11:06:11.620Z", "user": 1, "content_type": 9, "object_id": "40", "object_repr": "Название вакансии2", "action_flag": 3, "change_message": ""}}, {"model": "auth.permission", "pk": 1, "fields": {"name": "Can add log entry", "content_type": 1, "codename": "add_logentry"}}, {"model": "auth.permission", "pk": 2, "fields": {"name": "Can change log entry", "content_type": 1, "codename": "change_logentry"}}, {"model": "auth.permission", "pk": 3, "fields": {"name": "Can delete log entry", "content_type": 1, "codename": "delete_logentry"}}, {"model": "auth.permission", "pk": 4, "fields": {"name": "Can view log entry", "content_type": 1, "codename": "view_logentry"}}, {"model": "auth.permission", "pk": 5, "fields": {"name": "Can add permission", "content_type": 2, "codename": "add_permission"}}, {"model": "auth.permission", "pk": 6, "fields": {"name": "Can change permission", "content_type": 2, "codename": "change_permission"}}, {"model": "auth.permission", "pk": 7, "fields": {"name": "Can delete permission", "content_type": 2, "codename": "delete_permission"}}, {"model": "auth.permission", "pk": 8, "fields": {"name": "Can view permission", "content_type": 2, "codename": "view_permission"}}, {"model": "auth.permission", "pk": 9, "fields": {"name": "Can add group", "content_type": 3, "codename": "add_group"}}, {"model": "auth.permission", "pk": 10, "fields": {"name": "Can change group", "content_type": 3, "codename": "change_group"}}, {"model": "auth.permission", "pk": 11, "fields": {"name": "Can delete group", "content_type": 3, "codename": "delete_group"}}, {"model": "auth.permission", "pk": 12, "fields": {"name": "Can view group", "content_type": 3, "codename": "view_group"}}, {"model": "auth.permission", "pk": 13, "fields": {"name": "Can add user", "content_type": 4, "codename": "add_user"}}, {"model": "auth.permission", "pk": 14, "fields": {"name": "Can change user", "content_type": 4, "codename": "change_user"}}, {"model": "auth.permission", "pk": 15, "fields": {"name": "Can delete user", "content_type": 4, "codename": "delete_user"}}, {"model": "auth.permission", "pk": 16, "fields": {"name": "Can view user", "content_type": 4, "codename": "view_user"}}, {"model": "auth.permission", "pk": 17, "fields": {"name": "Can add content type", "content_type": 5, "codename": "add_contenttype"}}, {"model": "auth.permission", "pk": 18, "fields": {"name": "Can change content type", "content_type": 5, "codename": "change_contenttype"}}, {"model": "auth.permission", "pk": 19, "fields": {"name": "Can delete content type", "content_type": 5, "codename": "delete_contenttype"}}, {"model": "auth.permission", "pk": 20, "fields": {"name": "Can view content type", "content_type": 5, "codename": "view_contenttype"}}, {"model": "auth.permission", "pk": 21, "fields": {"name": "Can add session", "content_type": 6, "codename": "add_session"}}, {"model": "auth.permission", "pk": 22, "fields": {"name": "Can change session", "content_type": 6, "codename": "change_session"}}, {"model": "auth.permission", "pk": 23, "fields": {"name": "Can delete session", "content_type": 6, "codename": "delete_session"}}, {"model": "auth.permission", "pk": 24, "fields": {"name": "Can view session", "content_type": 6, "codename": "view_session"}}, {"model": "auth.permission", "pk": 25, "fields": {"name": "Can add компания", "content_type": 7, "codename": "add_company"}}, {"model": "auth.permission", "pk": 26, "fields": {"name": "Can change компания", "content_type": 7, "codename": "change_company"}}, {"model": "auth.permission", "pk": 27, "fields": {"name": "Can delete компания", "content_type": 7, "codename": "delete_company"}}, {"model": "auth.permission", "pk": 28, "fields": {"name": "Can view компания", "content_type": 7, "codename": "view_company"}}, {"model": "auth.permission", "pk": 29, "fields": {"name": "Can add специализация", "content_type": 8, "codename": "add_specialty"}}, {"model": "auth.permission", "pk": 30, "fields": {"name": "Can change специализация", "content_type": 8, "codename": "change_specialty"}}, {"model": "auth.permission", "pk": 31, "fields": {"name": "Can delete специализация", "content_type": 8, "codename": "delete_specialty"}}, {"model": "auth.permission", "pk": 32, "fields": {"name": "Can view специализация", "content_type": 8, "codename": "view_specialty"}}, {"model": "auth.permission", "pk": 33, "fields": {"name": "Can add вакансия", "content_type": 9, "codename": "add_vacancy"}}, {"model": "auth.permission", "pk": 34, "fields": {"name": "Can change вакансия", "content_type": 9, "codename": "change_vacancy"}}, {"model": "auth.permission", "pk": 35, "fields": {"name": "Can delete вакансия", "content_type": 9, "codename": "delete_vacancy"}}, {"model": "auth.permission", "pk": 36, "fields": {"name": "Can view вакансия", "content_type": 9, "codename": "view_vacancy"}}, {"model": "auth.permission", "pk": 37, "fields": {"name": "Can add резюме", "content_type": 10, "codename": "add_resume"}}, {"model": "auth.permission", "pk": 38, "fields": {"name": "Can change резюме", "content_type": 10, "codename": "change_resume"}}, {"model": "auth.permission", "pk": 39, "fields": {"name": "Can delete резюме", "content_type": 10, "codename": "delete_resume"}}, {"model": "auth.permission", "pk": 40, "fields": {"name": "Can view резюме", "content_type": 10, "codename": "view_resume"}}, {"model": "auth.permission", "pk": 41, "fields": {"name": "Can add отклик", "content_type": 11, "codename": "add_application"}}, {"model": "auth.permission", "pk": 42, "fields": {"name": "Can change отклик", "content_type": 11, "codename": "change_application"}}, {"model": "auth.permission", "pk": 43, "fields": {"name": "Can delete отклик", "content_type": 11, "codename": "delete_application"}}, {"model": "auth.permission", "pk": 44, "fields": {"name": "Can view отклик", "content_type": 11, "codename": "view_application"}}, {"model": "auth.user", "pk": 1, "fields": {"password": "pbkdf2_sha256$260000$8oaOkQNpiHDsYqQxPyi6sE$ 3U6iym8uYwUySKb4CwBdz3eGpv5EK4m71gsOzSyNWM=", "last_login": "2021-08-30T11:06:04.446Z", "is_superuser": true, "username": "denis", "first_name": "", "last_name": "", "email": "", "is_staff": true, "is_active": true, "date_joined": "2021-08-26T10:23:03.676Z", "groups": [], "user_permissions": []}}, {"model": "auth.user", "pk": 2, "fields": {"password": "pbkdf2_sha256$260000$SomSLGd79j2BSJAsyIxTCR$UtW2F0qQwZQCytkTII13icEoyu8HxAUJeRpEzM8HVpc=", "last_login": null, "is_superuser": false, "username": "denant1992", "first_name": "", "last_name": "", "email": "", "is_staff": false, "is_active": true, "date_joined": "2021-08-26T10:32:26.846Z", "groups": [], "user_permissions": []}}, {"model": "auth.user", "pk": 3, "fields": {"password": "pbkdf2_sha256$260000$dQfvSbj3T3u4snqITzG2de$iwPhuuFdF6hc5pVE7XmMLGHJdAdeVM63qAzG1c 1tfA=", "last_login": null, "is_superuser": false, "username": "denant1993", "first_name": "", "last_name": "", "email": "", "is_staff": false, "is_active": true, "date_joined": "2021-08-26T10:32:52.293Z", "groups": [], "user_permissions": []}}, {"model": "auth.user", "pk": 4, "fields": {"password": "pbkdf2_sha256$260000$JhQvZC8hxgHJkiGGtoDZ3f$QP17luKtFzfm358Z0IveJ/VA1oXF52CSKScs8EYbkvo=", "last_login": null, "is_superuser": false, "username": "testuser", "first_name": "", "last_name": "", "email": "", "is_staff": false, "is_active": true, "date_joined": "2021-08-26T10:33:25.252Z", "groups": [], "user_permissions": []}}, {"model": "auth.user", "pk": 5, "fields": {"password": "pbkdf2_sha256$260000$Mvxf78kN6y1v2F0iQnPywW$R6oda4OVyyUxQj3jDIavSDW9m0bEJdS9sdiUO3nO6e8=", "last_login": null, "is_superuser": false, "username": "cringe_hotel", "first_name": "", "last_name": "", "email": "", "is_staff": false, "is_active": true, "date_joined": "2021-08-26T10:33:37.001Z", "groups": [], "user_permissions": []}}, {"model": "auth.user", "pk": 6, "fields": {"password": "pbkdf2_sha256$260000$Ja4dlIb87b4xjVUN69xs0y$4odxSYi2j7v6DCPAWOiC9QCHCHpW9JUDP59NuevZh5E=", "last_login": null, "is_superuser": false, "username": "cheyz", "first_name": "", "last_name": "", "email": "", "is_staff": false, "is_active": true, "date_joined": "2021-08-26T10:33:44.917Z", "groups": [], "user_permissions": []}}, {"model": "auth.user", "pk": 7, "fields": {"password": "pbkdf2_sha256$260000$vKKrVLH8Lvhnp6f1f6x304$OguwzNUWYqFQ5JiEIHxwzA9eAVbT7RyEYU02H08XSmw=", "last_login": null, "is_superuser": false, "username": "pop_it", "first_name": "", "last_name": "", "email": "", "is_staff": false, "is_active": true, "date_joined": "2021-08-26T10:33:54.557Z", "groups": [], "user_permissions": []}}, {"model": "auth.user", "pk": 8, "fields": {"password": "pbkdf2_sha256$260000$C6w5kj4K0esj2e1LytZUXy$zRzilPUgy6tMI9LYzdrzLTvkC4ZQbCUTQ8jvghzE9Vc=", "last_login": "2021-08-26T11:08:05.333Z", "is_superuser": false, "username": "areando", "first_name": "Виктор", "last_name": "Колесников", "email": "", "is_staff": false, "is_active": true, "date_joined": "2021-08-26T10:34:09Z", "groups": [], "user_permissions": []}}, {"model": "auth.user", "pk": 9, "fields": {"password": "pbkdf2_sha256$260000$mU0ex6FXaB10hnMtqy89Tk$AxKIdWbfu7vqgbw1PDYywubZ8 eA0V0L1Ci2Bhyz0fc=", "last_login": "2021-08-26T12:43:32.524Z", "is_superuser": false, "username": "testuser1", "first_name": "Test1", "last_name": "Test2", "email": "", "is_staff": false, "is_active": true, "date_joined": "2021-08-26T12:28:59.396Z", "groups": [], "user_permissions": []}}, {"model": "auth.user", "pk": 10, "fields": {"password": "pbkdf2_sha256$260000$YEQ48703HEumEVPl5l7Cfq$4 E0CWHuYifvdn3BMlU2ku27/yjo9086y3nNU 6 aUc=", "last_login": null, "is_superuser": false, "username": "kodoku", "first_name": "Петя", "last_name": "Петров", "email": "", "is_staff": false, "is_active": true, "date_joined": "2021-08-26T16:13:12.143Z", "groups": [], "user_permissions": []}}, {"model": "auth.user", "pk": 11, "fields": {"password": "pbkdf2_sha256$260000$SlbO0XaonW2us2UErRTLLW$2HDDfYzeXVvNqjXZS74sH0rl2ZO34l5CasxgIU1Xb k=", "last_login": "2021-08-30T10:13:37.208Z", "is_superuser": false, "username": "denis7", "first_name": "Виктор", "last_name": "Гончаренко", "email": "", "is_staff": false, "is_active": true, "date_joined": "2021-08-26T16:14:37.531Z", "groups": [], "user_permissions": []}}, {"model": "auth.user", "pk": 12, "fields": {"password": "pbkdf2_sha256$260000$ZwQ4j41WeoulwMC7ObUhVu$KPNR2fQWTo60LPfgkYOcE7EwUk263HtM0VgwiAaF4uE=", "last_login": "2021-08-30T10:08:05.997Z", "is_superuser": false, "username": "testuser12", "first_name": "Test", "last_name": "Test", "email": "", "is_staff": false, "is_active": true, "date_joined": "2021-08-26T16:15:08.869Z", "groups": [], "user_permissions": []}}, {"model": "auth.user", "pk": 13, "fields": {"password": "pbkdf2_sha256$260000$0sh6jFHmJRmeasTKxue7Yq$wRJH8Qpe/oONV86H4GQUYnZH16x0xLO8A2 iik1naQA=", "last_login": null, "is_superuser": false, "username": "testuser123", "first_name": "Test123", "last_name": "Test234", "email": "", "is_staff": false, "is_active": true, "date_joined": "2021-08-26T16:51:03.988Z", "groups": [], "user_permissions": []}}, {"model": "auth.user", "pk": 14, "fields": {"password": "pbkdf2_sha256$260000$HrqbMZ7ZiTDCOJzsMw8Fri$5MJBpfEVsqGaJreCzKPr7/4gkjjuugazwcqZ3EbyB3k=", "last_login": "2021-08-30T09:09:13.662Z", "is_superuser": false, "username": "testuser22", "first_name": "Test123", "last_name": "Test234", "email": "", "is_staff": false, "is_active": true, "date_joined": "2021-08-26T16:52:23.479Z", "groups": [], "user_permissions": []}}, {"model": "contenttypes.contenttype", "pk": 1, "fields": {"app_label": "admin", "model": "logentry"}}, {"model": "contenttypes.contenttype", "pk": 2, "fields": {"app_label": "auth", "model": "permission"}}, {"model": "contenttypes.contenttype", "pk": 3, "fields": {"app_label": "auth", "model": "group"}}, {"model": "contenttypes.contenttype", "pk": 4, "fields": {"app_label": "auth", "model": "user"}}, {"model": "contenttypes.contenttype", "pk": 5, "fields": {"app_label": "contenttypes", "model": "contenttype"}}, {"model": "contenttypes.contenttype", "pk": 6, "fields": {"app_label": "sessions", "model": "session"}}, {"model": "contenttypes.contenttype", "pk": 7, "fields": {"app_label": "vacancies", "model": "company"}}, {"model": "contenttypes.contenttype", "pk": 8, "fields": {"app_label": "vacancies", "model": "specialty"}}, {"model": "contenttypes.contenttype", "pk": 9, "fields": {"app_label": "vacancies", "model": "vacancy"}}, {"model": "contenttypes.contenttype", "pk": 10, "fields": {"app_label": "vacancies", "model": "resume"}}, {"model": "contenttypes.contenttype", "pk": 11, "fields": {"app_label": "vacancies", "model": "application"}}, {"model": "sessions.session", "pk": "h31d6zfs6jb1ko7f7fm1ql5qacnrkhl0", "fields": {"session_data": ".eJxVjMsOwiAQRf-FtSFQykOX7vsNZBhmpGogKe3K-O_apAvd3nPOfYkI21ri1mmJcxYXocXpd0uAD6o7yHeotyax1XWZk9wVedAup5bpeT3cv4MCvXzrAUk779ggUbIBAhqltCJO5Izy2plRWeYAox04O9A2G2bjE58RPQbx_gDtWjhi:1mKf76:OScGzRAAa9PKGCZS8L4PQU9gFuOCgurJXRr11yNOSKQ", "expire_date": "2021-09-13T11:06:04.454Z"}}, {"model": "vacancies.company", "pk": 1, "fields": {"name": "Workiro", "logo": "company_images/logo1_GMYAXec.png", "employee_count": 24, "location": "Новосибирск", "description": "Разрабатываем мобильные приложения и сервисы для сферы онлайн-обучения.", "owner": 8}}, {"model": "vacancies.company", "pk": 2, "fields": {"name": "Rebelrage", "logo": "company_images/logo2_hcQSY3P.png", "employee_count": 55, "location": "Москва", "description": "Мобильные сервисы, программное обеспечение, веб-сайты, мобильные приложения.", "owner": 6}}, {"model": "vacancies.company", "pk": 3, "fields": {"name": "StaffingsmarterR", "logo": "company_images/logo3_mDB2kmU.png", "employee_count": 25, "location": "Москва", "description": "Сервис онлайн-наблюдения за процессом сдачи экзамена с искусственным интеллектом", "owner": 5}}, {"model": "vacancies.company", "pk": 4, "fields": {"name": "Evilthreath", "logo": "company_images/logo4_s88pzYv.png", "employee_count": 38, "location": "Москва", "description": "Лидирующее в России и Восточной Европе ПО для проведения вебинаров и видео-конференций.", "owner": 2}}, {"model": "vacancies.company", "pk": 5, "fields": {"name": "Hirey", "logo": "company_images/logo5_3LaBsHv.png", "employee_count": 20, "location": "Воронеж", "description": "Телекоммуникационные и платежные сервисы, которые помогают развиваться бизнесам во всем мире.", "owner": 3}}, {"model": "vacancies.company", "pk": 6, "fields": {"name": "Swiftattack", "logo": "company_images/logo6_QooBaMj.png", "employee_count": 76, "location": "Москва", "description": "Разработка сложных веб-сервисов и мобильных приложений", "owner": 1}}, {"model": "vacancies.company", "pk": 7, "fields": {"name": "Troller", "logo": "company_images/logo7_ueiEtaF.png", "employee_count": 234, "location": "Санкт-Петербург", "description": "Мобильное приложение, позволяющее примерить обувь и выбрать идеальную пару всего в 3 клика", "owner": 7}}, {"model": "vacancies.company", "pk": 8, "fields": {"name": "Primalassault", "logo": "company_images/logo8_cZMzEv8.png", "employee_count": 12, "location": "Минск", "description": "Реализуем проекты любой сложности в digital-сфере", "owner": 4}}, {"model": "vacancies.company", "pk": 9, "fields": {"name": "Test Company", "logo": "company_images/default.gif", "employee_count": 33, "location": "Челябинск", "description": "Описание компании", "owner": 12}}, {"model": "vacancies.company", "pk": 10, "fields": {"name": "Название вашей компании", "logo": "company_images/default.gif", "employee_count": 0, "location": "Челябинск", "description": "Описание компании", "owner": 14}}, {"model": "vacancies.specialty", "pk": "backend", "fields": {"name": "Бекэнд", "picture": "speciality_images/specty_backend_G6QpgIH.png"}}, {"model": "vacancies.specialty", "pk": "design", "fields": {"name": "Дизайн", "picture": "speciality_images/specty_design_uGT25xm.png"}}, {"model": "vacancies.specialty", "pk": "devops", "fields": {"name": "Девопс", "picture": "speciality_images/specty_devops_W4WA8eJ.png"}}, {"model": "vacancies.specialty", "pk": "frontend", "fields": {"name": "Фронтенд", "picture": "speciality_images/specty_frontend_bxLfzh6.png"}}, {"model": "vacancies.specialty", "pk": "gamedev", "fields": {"name": "Геймдев", "picture": "speciality_images/specty_gamedev_sqNUPQ9.png"}}, {"model": "vacancies.specialty", "pk": "management", "fields": {"name": "Менеджмент", "picture": "speciality_images/specty_management_yCN0zGc.png"}}, {"model": "vacancies.specialty", "pk": "products", "fields": {"name": "Продукты", "picture": "speciality_images/specty_products_KKvjetH.png"}}, {"model": "vacancies.specialty", "pk": "testing", "fields": {"name": "Тестирование", "picture": "speciality_images/specty_testing_AUTPbBx.png"}}, {"model": "vacancies.vacancy", "pk": 1, "fields": {"title": "QA Engineer / Тестировщик ПО", "specialty": "testing", "company": 7, "salary_from": 45000, "salary_to": 55000, "published_at": "2021-08-26T10:39:34.968Z", "skills": "Тестирование, Тестирование пользовательского интерфейса", "description": "<p><b>Обязанности:</b></p>\r\n\r\n <ul> \r\n<li>Участие в планировании разработки очередного релиза</li>\r\n <li>Составление документации, необходимой для тестирования разрабатываемой функциональности (чек-листы, тест-планы, тест-кейсы)</li>\r\n <li>Тестирование разрабатываемой функциональности</li> \r\n</ul>\r\n\r\n <p><b>Мы ожидаем:</b></p> \r\n\r\n<ul>\r\n <li>Опыт работы в области тестирования ПО и QA от 1 года</li>\r\n<li>Понимание сути процессов разработки и контроля качества ПО</li> \r\n<li>Владение методиками, приёмами и инструментами тестирования ПО</li>\r\n </ul>"}}, {"model": "vacancies.vacancy", "pk": 2, "fields": {"title": "Junior QA Engineer", "specialty": "testing", "company": 8, "salary_from": 30000, "salary_to": 35000, "published_at": "2021-08-26T10:40:02.038Z", "skills": "QA", "description": "<p>В команду Durak Online 3D приглашается Junior QA Engineer (Младший инженер по контролю качества) с опытом тестирования мобильного ПО. Также рассмотрим кандидатов без опыта работы, но при условии наличия профильного образования (высшее техническое   курсы).</p>\r\n\r\n <p><b>Требуемый опыт и умения:</b></p>\r\n\r\n <ul> \r\n<li>Опыт тестирования мобильного ПО (Android, iOS) от 1 года;</li>\r\n <li>Игровой опыт на мобильных платформах;</li>\r\n <li>Понимание принципов процесса разработки и жизненного цикла ПО;</li> \r\n</ul>\r\n\r\n <p><b>Будет плюсом:</b></p> \r\n\r\n<ul>\r\n <li>Опыт тестирования проектов на движке Unity;</li>\r\n<li>Опыт работы с игровыми движками (Unity, Unreal Engine);</li> \r\n<li>Знание систем управления тестированием (testrail, testlink, QMetry);</li>\r\n </ul>"}}, {"model": "vacancies.vacancy", "pk": 3, "fields": {"title": "Junior QA engineer", "specialty": "testing", "company": 4, "salary_from": 40000, "salary_to": 40000, "published_at": "2021-08-26T10:40:30.269Z", "skills": "Регресионное тестирование, HTML, SQL, Тестирование", "description": "<p>В нашей компании открыта вакансия на должность тестировщика (QA-инженера) в один из проектов.</p>\r\n\r\n <p><b>Обязанности тестировщика (чем нужно будет заниматься):</b></p>\r\n\r\n <ul> \r\n<li>Писать автоматические тесты и алгоритмы проверки для web-приложений</li>\r\n <li>Тестировать новый и существующий функционал проекта</li>\r\n <li>Вести протоколы тестирования</li>\r\n</ul>\r\n\r\n <p><b>Требования обязательные (какими навыками и знаниями нужно обладать):</b></p> \r\n\r\n<ul>\r\n <li>Практический опыт работы на должности тестировщика минимум 1 год (либо супер-высокая квалификация).</li>\r\n<li>Понимание базовых принципов тестирования.</li> \r\n<li>Базовые знания html/css/js/sql</li>\r\n </ul>"}}, {"model": "vacancies.vacancy", "pk": 4, "fields": {"title": "Тестировщик ПО / QA Engineer", "specialty": "testing", "company": 1, "salary_from": 50000, "salary_to": 60000, "published_at": "2021-08-26T10:40:58.282Z", "skills": "Atlassian, Jira, Test case", "description": "<p>Мы расширяем команду и открываем вакансию на позицию QA инженера. Мы ищем энтузиаста, который увлечен качеством опыта клиентов, готов приложить свои силы и талант к улучшению нашего продукта.</p>\r\n\r\n <p><b>Обязанности</b></p>\r\n\r\n <ul> \r\n<li>Ручное тестирование мобильных и комплексных web приложений;</li>\r\n <li>Тестирование интеграции наших сервисов с носимыми устройствами;</li>\r\n <li>Работа в международной команде совместно с командой разработки и проектирования;</li> \r\n<li>Участие в митингах, в том числе на английском языке;</li>\r\n <li>Внесение найденных дефектов в систему учета задач (Jira);</li> \r\n</ul>\r\n\r\n <p><b>Что ожидаем от вас:</b></p> \r\n\r\n<ul>\r\n <li>Понимание техник тест-дизайна;</li>\r\n<li>Умение грамотно описать проблему/задачу;</li> \r\n<li>Умение работать с документацией, описывать тест-кейсы и составлять чек-листы;</li>\r\n </ul>"}}, {"model": "vacancies.vacancy", "pk": 5, "fields": {"title": "Продакт-менеджер", "specialty": "products", "company": 3, "salary_from": 50000, "salary_to": 65000, "published_at": "2021-08-26T10:41:28.013Z", "skills": "Проведение презентаций, Формирование портфеля, Английский язык", "description": "<p>Для нас важно, чтобы вы обладали техническими знаниями по выделенному направлению. Необходимое обучение и поддержку в работе мы готовы вам оказать.</p>\r\n\r\n <p><b>Обязанности:</b></p>\r\n\r\n <ul> \r\n<li>Участие в формировании и реализации стратегии развития направления - Оптоэлектроника;</li>\r\n <li>Формирование и развитие продуктового портфеля;</li>\r\n <li>Участие в подготовке маркетингового плана по направлению;</li> \r\n <li>Техническая поддержка заказчиков, отдела поставок;</li> \r\n</ul>\r\n\r\n <p><b>Что ожидаем от вас:</b></p> \r\n\r\n<ul>\r\n <li>Высшее техническое образование;</li>\r\n<li>Опыт работы на рынке электронных компонентов или профильных рынках;</li> \r\n<li>Наличие навыков в создании и управлении продуктового портфеля в сфере B2B;</li>\r\n<li>Хороший уровень письменного, устного и технического английского;</li> \r\n<li>Ответственность, исполнительность, обучаемость;</li> \r\n<li>Готовность к частым командировкам;</li>\r\n </ul> \r\n\r\n<p>Предлагаем хорошую зарплату по рынку.</p>"}}, {"model": "vacancies.vacancy", "pk": 6, "fields": {"title": "Менеджер по продукту UI/UX", "specialty": "products", "company": 4, "salary_from": 60000, "salary_to": 90000, "published_at": "2021-08-26T10:41:51.644Z", "skills": "SQL, Product Management, UX, UI, Python", "description": "<p><b>Обязанности</b></p>\r\n\r\n <ul> \r\n<li>Управление удаленной командой (backend и frontend разработчики, аналитики): постановка и приоритизация задач, контроль исполнения, работа с мотивацией.</li>\r\n <li>Увеличение метрик UI-конверсии в мобильной и desktop версиях сайта.</li>\r\n <li>Прогнозирование бизнес-результата на основе цифр, фактов и здравого смысла.</li> \r\n<li>Ответственность за unit-экономику продукта, бизнес-результат.</li>\r\n <li>Работа с Retention.</li> \r\n</ul>\r\n\r\n <p><b>Что ожидаем от вас:</b></p> \r\n\r\n<ul>\r\n <li>Опыт работы Product Manager или Product Owner в e-commerce (fintech, travel, онлайн-ритейл) от 2-х лет.</li>\r\n<li>Опыт развития и монетизации технически сложного продукта.</li> \r\n<li>Знание SQL/Python.</li>\r\n<li>Опыт проектирования пользовательских интерфейсов UI/UX.</li> \r\n<li>Понимание Agile-методологий управления продуктом.</li> \r\n<li>Умение просчитать бизнес-эффект до и после запуска.</li>\r\n <li>Высшее образование: техническое.</li>\r\n </ul> \r\n\r\n<p>Предлагаем хорошую зарплату по рынку.</p>"}}, {"model": "vacancies.vacancy", "pk": 7, "fields": {"title": "Product manager", "specialty": "products", "company": 5, "salary_from": 40000, "salary_to": 80000, "published_at": "2021-08-26T10:42:19.776Z", "skills": "E-Commerce, Деловая коммуникация, Работа в команде, Логистика", "description": "<p>Мы разрабатываем собственные решения для повышения эффективности логистических бизнес-процессов как наших клиентов - интернет-магазинов, так и наших партнёров, обеспечивающих доставку и выдачу заказов получателю.</p>\r\n\r\n <p><b>Обязанности:</b></p>\r\n\r\n <ul> \r\n<li>Коммуникация со всеми участвующими в жизненном цикле проекта сторонами — представителями бизнес-заказчика, внешними и внутренними исполнителями;</li>\r\n <li>Формирование и аргументированное отстаивание видения продукта, консультирование по техническим вопросам;</li>\r\n <li>Декомпозиция и заведение эпиков и задач, участие в составлении и поддержании дорожной карты;</li> \r\n<li>Планирование человеческих ресурсов команды разработки - поиск и подбор кандидатов, собеседования, адаптация;</li>\r\n <li>Организация планирования для команды разработки - выбор методик, настройка ClickUp или другого аргументировано предложенного вами таск-менеджера.</li> \r\n</ul>\r\n\r\n <p><b>Требования</b></p> \r\n\r\n<ul>\r\n <li>Опыт работы менеджером IT-проектов от 2 лет;</li>\r\n<li>Понимание цикла разработки, методов и методик управления проектами, знание принципов и правил проведения Customer Development, готовность к большому объему общения с пользователями;</li> \r\n<li>Опыт управления проектами в области e-commerce, желателен практический опыт работы в логистике e-commerce;</li>\r\n<li>Коммуникативные навыки, умение понять интересы разных сторон и привести их к разумному компромиссу или отстоять логичное и разумное решение;</li> \r\n<li>Системное мышление и структурированный подходом к решению задач, способность организовывать процессы и контролировать их;</li> \r\n<li>Способность разговаривать на одном языке с бизнесом и техническими специалистами, представление о стэке php(Laravel)/js(Vue);</li>\r\n <li>Огонь в глазах, желание решать сложные задачи.</li>\r\n </ul>"}}, {"model": "vacancies.vacancy", "pk": 8, "fields": {"title": "Менеджер", "specialty": "products", "company": 6, "salary_from": 35000, "salary_to": 50000, "published_at": "2021-08-26T10:42:42.783Z", "skills": "Управление временем, Многозадачность, Работа с людьми", "description": "<ul> \r\n<li>8 лет успешной работы</li>\r\n <li>100 городов присутствия и 4 страны\r\n</li>\r\n <li>4000  специалистов по недвижимости\r\n</li> \r\n<li>Входим в TOП-3 лучших риэлторских\r\nкомпаний России</li>\r\n <li>Мы первые, кто получил образовательную\r\nлицензию, дающую право на обучение профессии\r\nи выдачу диплома государственного образца</li> \r\n</ul>"}}, {"model": "vacancies.vacancy", "pk": 9, "fields": {"title": "Менеджер", "specialty": "management", "company": 1, "salary_from": 45000, "salary_to": 55000, "published_at": "2021-08-26T10:43:16.023Z", "skills": "Активные продажи, Работа с дебиторской задолженностью, Поиск и привлечение клиентов", "description": "<p><b>Обязанности:</b></p>\r\n\r\n <ul> \r\n<li>Оформление заказов на отгрузку, документов;</li>\r\n <li>Ведение клиентов(город/порт), поиск;</li>\r\n <li>Продажа со склада;</li> \r\n<li>Контроль отгрузок, дебиторской задолженности;</li>\r\n <li>Заказ товаров, поддержание остатков;</li> \r\n</ul>\r\n\r\n <p><b>Что ожидаем от вас:</b></p> \r\n\r\n<ul>\r\n <li>Опыт работы c продуктами</li>\r\n<li>Умение проводить переговоры</li> \r\n<li>Активная жизненная позиция</li>\r\n </ul>"}}, {"model": "vacancies.vacancy", "pk": 10, "fields": {"title": "2D-художник (adult content)", "specialty": "gamedev", "company": 4, "salary_from": 45000, "salary_to": 90000, "published_at": "2021-08-26T10:43:43.901Z", "skills": "Adobe Photoshop, Анимация, Unity, Рисунок", "description": "<p>Мы увеличиваем команду и ищем опытного 2D Художника.</p>\r\n\r\n <p><b>Основные задачи и обязанности:</b></p>\r\n\r\n <ul> \r\n<li>Понимание основ анатомии и человеческих пропорций;</li>\r\n <li>Умение рисовать по заданной стилистике;</li>\r\n <li>Подготовка промо материалов;</li> \r\n<li>БОЛЬШИМ ПЛЮСОМ БУДЕТ УМЕНИЕ РИСОВАТЬ В СТИЛЕ АНИМЕ;</li>\r\n</ul>\r\n\r\n <p><b>Требования:</b></p> \r\n\r\n<ul>\r\n <li>Важно! Готовность работать с проектами с категорией 18  (M, R rated);</li>\r\n<li>Наличие портфолио;</li> \r\n<li>Умение рисовать руками на графическим планшете;</li>\r\n<li>Понимание особенностей игрового арта;</li> \r\n<li>Владение Adobe Photoshop;</li> \r\n </ul>"}}, {"model": "vacancies.vacancy", "pk": 11, "fields": {"title": "Game Designer (Гейм дизайнер)", "specialty": "gamedev", "company": 2, "salary_from": 50000, "salary_to": 70000, "published_at": "2021-08-26T10:44:05.856Z", "skills": "Unity, game design, Гейм дизайн", "description": "<p>Мы data-driven компания, то есть мы не разрабатываем месяцами проекты, которые не имеют шансов на успех. Вместо этого мы тестируем много прототипов, а сама разработка разбита на итераций и после каждой мы проверяем метрики и развиваем лишь то, что рынок оценивает позитивно.</p>\r\n\r\n <p><b>Пул задач:</b></p>\r\n\r\n <ul> \r\n<li>Разработка и презентация концептов мобильных игр в жанре idle/hypercasual</li>\r\n <li>Детальная проработка GDD, планирование экономики игры до начала разработки</li>\r\n <li>Разработка прототипа игры, проверка основных механик и оценка жизнеспособности</li> \r\n<li>Роль Product Manager в команде с художником, unity-разработчиком, 3d-моделером</li>\r\n <li>Настройка игрового баланса, создание уровней, планирование монетизации</li> \r\n</ul>\r\n\r\n <p><b>Что ожидаем от вас:</b></p> \r\n\r\n<ul>\r\n <li>Опыт работы над играми, дошедшими до релиза и выпущенными в App Store или Google Play</li>\r\n<li>Понимание основных метрик аналитики: Retention, DAU, ARPU, ARPDAU</li> \r\n<li>Умение четко и понятно излагать свои идеи как в устной, так и в письменной форме</li>\r\n<li>Понимание основных игровых механик и способов их реализации</li> \r\n<li>Английский язык не ниже upper-intermediate(B2)</li> \r\n<li>Хорошее знание математики, построение и проверка гипотез на собранных данных</li>\r\n </ul>"}}, {"model": "vacancies.vacancy", "pk": 12, "fields": {"title": "2D аниматор Motion designer", "specialty": "gamedev", "company": 6, "salary_from": 30000, "salary_to": 50000, "published_at": "2021-08-26T10:44:29.938Z", "skills": "Adobe After Effect, Анимация, Работа в команде, Adobe Photoshop", "description": "<p><b>Обязанности:</b></p>\r\n\r\n <ul> \r\n<li>Создание 2D-анимаций персонажей и объектов</li>\r\n <li>Создание 2D промо-роликов</li>\r\n <li>Создание спецэффектов</li> \r\n<li>Работа в команде, следование плану-графику,</li>\r\n\r\n</ul>\r\n\r\n <p><b>Что ожидаем от вас:</b></p> \r\n\r\n<ul>\r\n <li>Опыт работы с 2D анимацией (After Effect, Spine)</li>\r\n<li>Понимание базовых принципов анимации и технических аспектов мобильной разработки</li> \r\n<li>умение работать с 2D графикой, подготовить файлы для анимации (при необходимости)</li>\r\n<li>Наличие портфолио с анимацией</li> \r\n<li>Будет плюсом знание экспорта и настройки анимаций в Unity</li> \r\n\r\n\r\n </ul>"}}, {"model": "vacancies.vacancy", "pk": 13, "fields": {"title": "Middle Game Designer", "specialty": "gamedev", "company": 4, "salary_from": 60000, "salary_to": 110000, "published_at": "2021-08-26T10:44:54.361Z", "skills": "Unity, Английский язык, game design", "description": "<p>Мы ищем специалиста, который дополнит нашу команду,</p>\r\n\r\n <p><b>Требования</b></p>\r\n\r\n <ul> \r\n<li>Опыт работы в качестве геймдизайнера от 1-го года.</li>\r\n <li>Богатое воображение.</li>\r\n <li>Умение правильно излагать свои мысли как устно, так и письменно.</li> \r\n<li>Аналитический склад ума.</li>\r\n <li>Владение математическими знаниями.</li> \r\n</ul>\r\n\r\n <p><b>Задачи:</b></p> \r\n\r\n<ul>\r\n <li>Разработка концепции и дизайна игры.</li>\r\n<li>Разработка новых и поддержка старых проектов.</li> \r\n<li>Работа над сценарием.</li>\r\n<li>Участие в разработке игровых механик</li> \r\n\r\n\r\n </ul>"}}, {"model": "vacancies.vacancy", "pk": 14, "fields": {"title": "3D Аниматор", "specialty": "gamedev", "company": 3, "salary_from": 40000, "salary_to": 70000, "published_at": "2021-08-26T10:45:13.676Z", "skills": "Autodesk Maya, 3D Моделирование, 3ds Max", "description": "<p><b>Обязанности</b></p>\r\n\r\n <ul> \r\n<li>Создание анимаций для 3D моделей персонажей и объектов</li>\r\n <li>Keyframe анимация персонажей</li>\r\n <li>Работа в команде, следование плану-графику,</li> \r\n</ul>\r\n\r\n <p><b>Требования:</b></p> \r\n\r\n<ul>\r\n <li>Опыт работы с 3D анимацией (риг   скин   контролы)</li>\r\n<li>Понимание базовых принципов анимации и технических аспектов мобильной разработки</li> \r\n<li>Знание критериев топологии персонажа для 3d анимации</li>\r\n<li>Опыт работы в сфере 3D моделирования (умение править модели при необходимости)</li> \r\n<li>Наличие портфолио с анимацией</li> \r\n\r\n </ul>"}}, {"model": "vacancies.vacancy", "pk": 15, "fields": {"title": "Junior Game Designer", "specialty": "gamedev", "company": 6, "salary_from": 50000, "salary_to": 75000, "published_at": "2021-08-26T10:45:42.661Z", "skills": "Unity, Android, Английский язык", "description": "<p>Нам не важно в каком ты городе или стране - работать можно как из офиса в СПБ, так и удаленно. Главное для нас - это любовь к своему делу и желание делать лучшее, что есть в мире. Это то, что нас объединяет.</p>\r\n\r\n <p><b>ТРЕБОВАНИЯ:</b></p>\r\n\r\n <ul> \r\n<li>Знание производственного цикла фичей</li>\r\n <li>Способность ясно выражать мысли</li>\r\n <li>Способность структурно презентовать идеи</li> \r\n<li>Проактивность</li>\r\n <li>Интерес к работе с цифрами мидкорного F2P проекта</li> \r\n</ul>\r\n\r\n <p><b>БУДЕТ ПЛЮСОМ:</b></p> \r\n\r\n<ul>\r\n <li>Знание жанра РТС</li>\r\n<li>Опыт работы с геймплеем и метой мидкорного F2P проекта</li> \r\n<li>Опыт работы с балансом</li>\r\n<li>Умение работать в Unity 3D</li> \r\n<li>Понимание технической части проекта или умение программировать</li> \r\n<li>Хороший уровень английского</li>\r\n </ul>"}}, {"model": "vacancies.vacancy", "pk": 16, "fields": {"title": "React разработчик (junior)", "specialty": "frontend", "company": 8, "salary_from": 60000, "salary_to": 90000, "published_at": "2021-08-26T10:46:02.922Z", "skills": "HTML5, CSS3, JavaScript, Linux, Git, React", "description": "<p>Пользовательский интерфейс Платформы — это набор современных сложных веб-приложений на базе ES6 /Typescript/React/Redux. И сейчас мы ищем фронтенд-специалиста, который смог бы взять на себя часть задач по разработке веб-приложений в рамках нашего продукта.</p>\r\n\r\n <p><b>Требования к кандидатам:</b></p>\r\n\r\n <ul> \r\n<li>JavaScript / Typescript (ES6 ), CSS3, HTML5;</li>\r\n <li>Опыт продуктовой разработки веб-приложений от 1 года;</li>\r\n <li>Опыт разработки SPA в стеке React/Redux;</li> \r\n<li>Умение работать с git.</li>\r\n</ul>\r\n\r\n <p><b>Мы используем:</b></p> \r\n\r\n<ul>\r\n <li>Frontend: JavaScript / Typescript (ES6 ), React / Redux, LESS / PostCSS, npm / Webpack / Babel, AntDesign;</li>\r\n<li>Backend: Scala/Java (Play, Slick, Guice), PostgreSQL, C  , компьютерное зрение, нейросети;</li> \r\n<li>Инструменты: Youtrack, Confluence, Rocket.Chat, git, Jenkins, преимущественно Linux (debian-based).</li>\r\n </ul>"}}, {"model": "vacancies.vacancy", "pk": 17, "fields": {"title": "Frontend Developer (React)", "specialty": "frontend", "company": 4, "salary_from": 30000, "salary_to": 50000, "published_at": "2021-08-26T10:46:22.310Z", "skills": "React, Redux", "description": "<p>На проект разработки социальной сети для профессионалов (по типу LinkedIn) мы ищем уверенного frontend developer с опытом работы в стеке react/redux, который быстро вольётся в рабочий процесс и станет частью нашей команды.</p>\r\n\r\n <p><b>Обязанности</b></p>\r\n\r\n <ul> \r\n<li>Проектирование архитектурных решений и компонентов;</li>\r\n <li>Имплементация новых фич, багфиксинг;</li>\r\n <li>Написание unit-тестов;</li> \r\n<li>Взаимодействие с командой и заказчиками.</li>\r\n</ul>\r\n\r\n <p><b>Что ожидаем от вас:</b></p> \r\n\r\n<ul>\r\n <li>JavaScript ( ES5, ES6 ), HTML5, CSS3;</li>\r\n<li>React, Redux (опыт от 2-х лет);</li> \r\n<li>Уровень английского языка желательно не ниже Upper-Intermediate.</li>\r\n\r\n </ul>"}}, {"model": "vacancies.vacancy", "pk": 18, "fields": {"title": "Frontend developer (React)", "specialty": "frontend", "company": 6, "salary_from": 40000, "salary_to": 50000, "published_at": "2021-08-26T10:46:43.002Z", "skills": "PostgreSQL, Node.js, ООП, Unit Testing", "description": "<p><b>Стек технологий:</b></p>\r\n\r\n <ul> \r\n<li>Весь код пишем на Typescript;</li>\r\n <li>UI на React (hooks), Redux (@reduxjs/toolkit), styled-components;</li>\r\n <li>Бэкэнд на Node.js, express, PostgreSQL;</li> \r\n<li>Смарт-контракты на Solidity, взаимодействуем с ними через web3;</li>\r\n <li>Сборка через webpack v5;</li> \r\n</ul>\r\n\r\n <p><b>С чем предстоит работать:</b></p> \r\n\r\n<ul>\r\n <li>Разрабатывать ядро платформы KYC и документооборота на базе блокчейна.</li>\r\n\r\n </ul>"}}, {"model": "vacancies.vacancy", "pk": 19, "fields": {"title": "Junior Frontend-разработчик", "specialty": "frontend", "company": 7, "salary_from": 30000, "salary_to": 40000, "published_at": "2021-08-26T10:47:01.567Z", "skills": "Less, Git, CSS3, HTML5, JavaScript, React", "description": "<p>В департамент маркетинга гостиничной управляющей компании требуется Frontend-разработчик уровня Junior . Вам предстоит совместно с маркетологами, дизайнерами и подрядчиками реализовывать уникальные и крутые IT решения. Мы ждем инициативного, ответственного и позитивного специалиста, который со своими молодыми и энергичными коллегами сделают IT переворот в гостиничной отрасли.</p>\r\n\r\n <p><b>Обязанности:</b></p>\r\n\r\n <ul> \r\n<li>Верстка страниц из PSD и Figma макетов с помощью React</li>\r\n <li>Поддержка существующих проектов на стеке React/styled-components/SASS/LESS</li>\r\n <li>Разработка новых проектов</li> \r\n</ul>\r\n\r\n <p><b>Требования:</b></p> \r\n\r\n<ul>\r\n <li>HTML5, CSS3 (flexbox, grid layout, media queries, pixel ratio).</li>\r\n<li>Знание нативного JS.</li> \r\n<li>Знание React на начальном уровне.</li>\r\n<li>Опыт работы с Git</li> \r\n<li>Наличие портфолио с вашими работами, или ссылку на git-репозиторий</li> \r\n<li>Умение работать с API сторонних сервисов (как минимум подключать их)</li>\r\n </ul>"}}, {"model": "vacancies.vacancy", "pk": 20, "fields": {"title": "Frontend разработчик (React.js)", "specialty": "frontend", "company": 8, "salary_from": 100000, "salary_to": 150000, "published_at": "2021-08-26T10:47:28.607Z", "skills": "JavaScript, React.js, Git, Английский язык", "description": "<p>Разрабатываем три продукта параллельно, распределяем силы по проектам в зависимости от загруженности разработчиков и сложности задач. На Frontend есть несколько микрокоманд по 2-3 человека.</p>\r\n\r\n <p><b>Вам предстоит:</b></p>\r\n\r\n <ul> \r\n<li>Построение компонентов для интерфейсов сервисов</li>\r\n <li>Работа с Redux</li>\r\n <li>Использование REST API</li> \r\n<li>Создание бизнес-логики для различных операций с данными на стороне клиента</li>\r\n <li>Совместная разработка с использованием Git (Feature Branch workflow)</li> \r\n</ul>\r\n\r\n <p><b>Ждем, что вы:</b></p> \r\n\r\n<ul>\r\n <li>Говорите по-английски (на уровне Intermediate и выше)</li>\r\n<li>Отлично знаете Javascript</li> \r\n<li>Работали с любой из библиотек JS не менее 3-х лет, а с React.js — не менее года</li>\r\n<li>Используете Webpack для сборки</li> \r\n<li>Понимаете принципы работы клиент-серверных приложений, работали с REST API</li> \r\n </ul>"}}, {"model": "vacancies.vacancy", "pk": 21, "fields": {"title": "Web-разработчик", "specialty": "frontend", "company": 1, "salary_from": 50000, "salary_to": 55000, "published_at": "2021-08-26T10:48:01.170Z", "skills": "JavaScript, CSS, HTML, SQL", "description": "<p><b>Обязанности:</b></p>\r\n\r\n <ul> \r\n<li>Разработка и поддержка веб-сайтов (сайты-визитки, e-commerce, фронтенд к ERP, корпоративные сайты) на системах CMS WordPress и Shopify</li>\r\n <li>Разработка и внедрение нового функционала на сайтах</li>\r\n <li>Оптимизация скорости загрузки сайтов (в т. ч. работа с ресурсами, настройками сервера)</li> \r\n<li>Внесение правок по ТЗ для SEO (аналитика не требуется)</li>\r\n <li>Поддержка существующего функционала на сайтах, обновление плагинов</li> \r\n</ul>\r\n\r\n <p><b>Что ожидаем от вас:</b></p> \r\n\r\n<ul>\r\n <li>Решение задач заказчика возможно до обеда по тихоокеанскому времени (20-23 мск)</li>\r\n<li>Отличное знание JavaScript, PHP, CSS‚ HTML‚ опционально — SQL</li> \r\n<li>Верстка под популярные браузеры, в т.ч. мобильные версии сайтов</li>\r\n<li>Знание Laravel, Symfony и иных php-фреймворков — опционально</li> \r\n<li>Отличное знание Wordpress, опционально — опыт с Shopify</li> \r\n<li>Опыт работы с Bootstrap и подобными шаблонизаторами, сетками\r\nFlexbox, CSS Grid (опционально)</li>\r\n <li>Опыт работы с личными кабинетами импортных хостинг-площадок (GoDaddy etc)</li>\r\n </ul>"}}, {"model": "vacancies.vacancy", "pk": 22, "fields": {"title": "DevOps (Azure Pipelines)", "specialty": "devops", "company": 6, "salary_from": 90000, "salary_to": 140000, "published_at": "2021-08-26T10:48:21.298Z", "skills": "TFS, MS SQL Server, .NET Framework, Build engineer, DevOps", "description": "<p>The best-in-class systems that provide data collection, data science, technology and data-enabled marketing and incentive management capabilities to the agriculture, animal health, construction and industrial supply industries.</p>\r\n\r\n <p><bResponsibilities:</b></p>\r\n\r\n <ul> \r\n<li>Support for Continuous Integration, Continuous Testing and Continuous Delivery</li>\r\n <li>Configuration of Azure Pipelines</li>\r\n <li>Installation and configuration of Git, TFS, Docker</li> \r\n<li>Forward and reverse merge between branches and resolving merge conflicts</li>\r\n <li>Automating the build process</li> \r\n</ul>\r\n\r\n <p><b>Requirements:</b></p> \r\n\r\n<ul>\r\n <li>Higher technical education</li>\r\n<li>1  years of experience as a Build engineer/DevOps</li> \r\n<li>Excellent understanding of branching strategies</li>\r\n<li>Good communications</li> \r\n<li>Good English (communications with native speakers)</li> \r\n<li>Able to communicate effectively and in a friendly manner to get everyone to check-in their code and “turn their keys”</li>\r\n <li>Git and TFS configuration</li>\r\n </ul>"}}, {"model": "vacancies.vacancy", "pk": 23, "fields": {"title": "Junior DevOps Engineer", "specialty": "devops", "company": 5, "salary_from": 60000, "salary_to": 65000, "published_at": "2021-08-26T10:48:41.022Z", "skills": "Unix, Git, Linux, Docker, Bitbucket, Nginx, Prometheus, CI/CD", "description": "<p>Мы разрабатываем сервисы, инженерные системы и мобильные приложения. Делаем пространства умными, комфортными и удивительными.</p>\r\n\r\n <p><b>Задачи:</b></p>\r\n\r\n <ul> \r\n<li>Развертывание и непрерывная бесперебойная эксплуатация;</li>\r\n <li>Настройка и поддержка системы мониторинга Prometheus;</li>\r\n <li>Внедрение и настройка системы сбора, анализа и визуализации данных логов (Grafana или других);</li> \r\n<li>Поддержка процессов CI/CD;</li>\r\n <li>Настройка конфигураций приложений в Docker;</li> \r\n</ul>\r\n\r\n <p><b>Наши пожелания к тебе:</b></p> \r\n\r\n<ul>\r\n <li>Знание Linux на уровне администратора, Docker, сетевой стек и виртуализация;</li>\r\n<li>Опыт работы с системами контроля версии;</li> \r\n<li>Опыт работы с системами контейнеризации;</li>\r\n<li>Владение скриптовыми языками программирования, CI/CD инструментами.</li> \r\n </ul>"}}, {"model": "vacancies.vacancy", "pk": 24, "fields": {"title": "DevOps-инженер", "specialty": "devops", "company": 4, "salary_from": 120000, "salary_to": 150000, "published_at": "2021-08-26T10:49:03.012Z", "skills": "google cloud, ubuntu, kubernetes, nginx, nodejs, mongodb", "description": "<p>Для поддержки и развития инфраструктуры игрового проекта, в команду приглашается DevOps-инженер.</p>\r\n\r\n <p><b>Область ответственности:</b></p>\r\n\r\n <ul> \r\n<li>серверная инфраструктура</li>\r\n <li>мониторинг (логи, метрики, алерты)</li>\r\n <li>базы данных</li> \r\n<li>CI/CD пайплайн</li>\r\n</ul>\r\n\r\n <p><b>Условия работы:</b></p> \r\n\r\n<ul>\r\n <li>Оформление по ТК РФ;</li>\r\n<li>Белая заработная плата;</li> \r\n<li>Гибкий рабочий график;</li>\r\n<li>Обучающие лекции коллег;</li> \r\n<li>Чай, кофе, фрукты, снэки;</li> \r\n<li>Игровые консоли и настольный теннис в офисе;</li>\r\n <li>Вечерние сеансы настольных и консольных игр.</li>\r\n </ul> \r\n\r\n<p>Предлагаем хорошую зарплату по рынку.</p>"}}, {"model": "vacancies.vacancy", "pk": 25, "fields": {"title": "DevOps (Remote)", "specialty": "devops", "company": 3, "salary_from": 80000, "salary_to": 90000, "published_at": "2021-08-26T10:49:22.043Z", "skills": "Администрирование, IIS, Nginx, Docker, TFS, Atlassian, Jira, Redis", "description": "<p>В данный момент мы находимся в процессе дробления монолита на микросервисы и ищем человека, который поможет нам построить отказоустойчивую систему. </p>\r\n\r\n <p><b>Стек технологий:</b></p>\r\n\r\n <ul> \r\n<li>Proxmox</li>\r\n <li>Nginx</li>\r\n <li>IIS</li> \r\n<li>Gitlab </li>\r\n <li>RabbitMQ</li> \r\n</ul>\r\n\r\n <p><b>Что ожидаем от вас:</b></p> \r\n\r\n<ul>\r\n <li>опыт планирования серверной нагрузки</li>\r\n<li>понимание микросервисной архитектуры</li> \r\n<li>опыт администрирования Linux и Windows Server</li>\r\n<li>опыт администрирования MS SQL Server, MongoDB (backup, replication), MySQL, Redis</li> \r\n<li>опыт администрирования NGINX и IIS</li> \r\n<li>опыт сопровождения нагруженных веб-приложений</li>\r\n <li>опыт построения отказоустойчивых систем</li>\r\n </ul>"}}, {"model": "vacancies.vacancy", "pk": 26, "fields": {"title": "DevOps Engineer", "specialty": "devops", "company": 2, "salary_from": 120000, "salary_to": 155000, "published_at": "2021-08-26T10:49:46.176Z", "skills": "Nginx, Zabbix, Администрирование серверов, Linux, PostgreSQL, MySQL", "description": "<p>Мы ищем DevOps Engineer для развития и поддержания биржевого SaaS решения.</p>\r\n\r\n <p><b>Мы ожидаем:</b></p>\r\n\r\n <ul> \r\n<li>Опыт администрирования Linux (Ubuntu/Debian);</li>\r\n <li>Опыт работы с системами управления конфигурациями (предпочтительно Ansible);</li>\r\n <li>Опыт настройки систем мониторинга (Zabbix/Grafana)</li> \r\n<li>Опыт настройки ELK</li>\r\n <li>Опыт настройки Jenkins/Giltab CI/CD</li> \r\n<li>Nginx, HAProxy, MySQL, PostgreSQL, RabbitMQ, Clickhouse</li> \r\n<li>Знание систем виртуализации (LXC/KVM)</li>\r\n<li>Опыт поддержки сервисов с доступностью 24/7</li> \r\n<li> Представление об информационной безопасности</li> \r\n</ul>\r\n\r\n <p><b>Что делать:</b></p> \r\n\r\n<ul>\r\n <li>Обеспечивать отказоустойчивость распределенных систем</li>\r\n<li>Настраивать мониторинг (Zabbix/Grafana)</li> \r\n<li>Писать новые роли Ansible</li>\r\n<li>Поднимать и поддерживать новые серверы внутри private cloud</li> \r\n<li> Выкатывать новые сервисы</li> \r\n<li> Чинить прод и расследовать инциденты</li>\r\n <li>Следить за состоянием системы</li>\r\n </ul>"}}, {"model": "vacancies.vacancy", "pk": 27, "fields": {"title": "DevOps engineer (Kubernetes)", "specialty": "devops", "company": 1, "salary_from": 50000, "salary_to": 80000, "published_at": "2021-08-26T10:50:05.542Z", "skills": "Linux, Python, Bash, CI/CD, Kubernetes, SRE", "description": "<p>Мы делаем продукты простыми и удобными и для пользователей. Выпускаем продуктовый функционал со сложной механикой внутри, постоянно пересматриваем привычные для рынка методы работы и стремимся быть лучшими на рынке.\r\n\r\nВ связи с активным развитием компании и продуктов мы ищем профессионалов своего дела, которые присоединятся к нашей международной команде.</p>\r\n\r\n <p><b>Требования:</b></p>\r\n\r\n <ul> \r\n<li>Опыт работы на аналогичной позиции - от 2-х лет;</li>\r\n <li>Знания Linux-систем - на уровне системного администратора;</li>\r\n <li>Опыт работы с Kubernetes;</li> \r\n<li>Понимание принципов работы высоконагруженных веб-приложений;</li>\r\n <li>Понимание принципов работы СУБД;</li> \r\n</ul>\r\n\r\n <p><b>Что будет плюсом:</b></p> \r\n\r\n<ul>\r\n <li>Опыт работы с Teamcity;</li>\r\n<li>Знание Prometheus/Grafana;</li> \r\n<li>Опыт использования NoSQL-решений (MongoDB, Redis);</li>\r\n<li>Знание RabbitMQ;</li> \r\n<li>Знание Postgresql.</li> \r\n </ul>"}}, {"model": "vacancies.vacancy", "pk": 28, "fields": {"title": "UX/UI дизайнер", "specialty": "design", "company": 8, "salary_from": 60000, "salary_to": 80000, "published_at": "2021-08-26T10:50:39.300Z", "skills": "Photoshop, Illustrator, InDesign, Figma, HTML / CSS", "description": "<p>В данный момент мы ищем талантливого и увлеченного своей работой UX/UI designer, желающего сделать карьеру в нашей компании.\r\n\r\nВы должны гореть своим делом, генерировать и реализовывать идеи, учиться на своих ошибках, постоянно совершенствоваться и развиваться.</p>\r\n\r\n <p><b>Обязанности:</b></p>\r\n\r\n <ul> \r\n<li>Создание логических и визуальных интерфейсов для двух коммерческих сайтов, онлайн-магазина, их мобильных версий (проектирование/перепроектирование);</li>\r\n <li>Подготовка интерфейсов для внутренней системы управления предприятием, визуальная поддержка прототипирования и usability tests;</li>\r\n <li>Верстка интерфейсов всех страниц (не \"программинг\"), разработка базовых стилей CSS для последующей реализации;</li> \r\n<li>Создание единых библиотек компонентов и стилей интерфейсов для программных продуктов;</li>\r\n <li>Консультирование разработчиков по вопросам UI/UX (тесное взаимодействием с архитектором экосистемы, программными разработчиками, графическими дизайнерами);</li>\r\n <li>Подготовка интерфейсов для использования в целях маркетинга (премиальный сектор);</li> \r\n <li>Полный Quality assurance/quality control (QA/QC) и авторский надзор выпускаемых программных продуктов.</li>  \r\n</ul>\r\n\r\n <p><b>Требования:</b></p> \r\n\r\n<ul>\r\n <li>Наличие портфолио (ссылка в сопроводительном письме или на почту!);</li>\r\n<li>Понимание возможностей HTML, CSS и прочих инструментов веб-верстки;</li> \r\n<li>Отличное владение: Photoshop, Illustrator, InDesign, PowerPoint;</li>\r\n<li>Чувство стиля;</li> \r\n<li>Активная жизненная позиция, умение отстаивать предложенные решения со ссылками на best practice UI/UX;</li> \r\n<li>Работоспособность, ответственность;</li>\r\n <li>Высокая стрессоустойчивость;</li>\r\n </ul>"}}, {"model": "vacancies.vacancy", "pk": 29, "fields": {"title": "Дизайнер-верстальщик", "specialty": "design", "company": 7, "salary_from": 55000, "salary_to": 65000, "published_at": "2021-08-26T10:51:10.429Z", "skills": "PhotoShop, Acrobat, Illustrator, Bridge", "description": "<p><b>Обязанности</b></p>\r\n\r\n <ul> \r\n<li>Разработка проектов художественного и технического оформления издания.</li>\r\n <li>Верстка полноцветных полос.</li>\r\n <li>Верстка кроссвордов, конкурсных купонов, рекламных модулей, публикуемых в изданиях.</li> \r\n<li>Внесение литературных и корректорских правок.</li>\r\n <li>Техническое редактирование изображений издания (ретушь, цветокоррекция и пр.).</li> \r\n</ul>\r\n\r\n <p><b>Требования:</b></p> \r\n\r\n<ul>\r\n <li>Опыт работы по специальности от 3 лет в печатных СМИ.</li>\r\n<li>Художественный вкус, инициативность, внимательность, ответственность.</li>\r\n </ul>"}}, {"model": "vacancies.vacancy", "pk": 30, "fields": {"title": "Помощник дизайнера", "specialty": "design", "company": 4, "salary_from": 20000, "salary_to": 30000, "published_at": "2021-08-26T10:51:29.970Z", "skills": "3D Max, Adobe Photoshop", "description": "<p>Требуется помощник дизайнера интерьеров / визуализатор\r\nРабота над проектами спа-зон, бань, саун, террас из дерева</p>\r\n\r\n <p><b>Требования:</b></p>\r\n\r\n <ul> \r\n<li>Приветливость, доброжелательность, желание работать.</li>\r\n <li>Опыт работы в 3D Max, Adobe Photoshop</li>\r\n <li>Высшее профильное образование в сфере дизайна</li> \r\n</ul>\r\n\r\n <p><b>Обязанности:</b></p> \r\n\r\n<ul>\r\n <li>Исполнение визуализации по заданию главного дизайнера</li>\r\n </ul>"}}, {"model": "vacancies.vacancy", "pk": 31, "fields": {"title": "Графический дизайнер", "specialty": "design", "company": 3, "salary_from": 30000, "salary_to": 45000, "published_at": "2021-08-26T10:51:50.868Z", "skills": "Adobe Photoshop, Illustrator", "description": "<p>Ищем специалиста, который не боится рутины, способен создавать качественные изображения товаров, продумывать общий дизайн, работать с брендингом на маркетплейсах и заинтересован в сотрудничестве на постоянной основе.</p>\r\n\r\n <p><b>Что будет входить в ваши обязанности:</b></p>\r\n\r\n <ul> \r\n<li>Разработка дизайна карточек товаров;</li>\r\n <li>Создание изображений товаров на ведущих российских (Ozon, Wildberries, Беру) и зарубежных (Amazon, Ebay, Aliexpress) маркетплейсах;</li>\r\n <li>Разработка макетов упаковки;</li> \r\n<li>Дизайн печатной продукции.</li>\r\n</ul>\r\n\r\n <p><b>Что ожидаем от вас:</b></p> \r\n\r\n<ul>\r\n <li>Знание современных трендов графического дизайна;</li>\r\n<li>Релевантный опыт работы, портфолио;</li> \r\n<li>Желание расти и развиваться в сфере дизайна.</li>\r\n </ul>"}}, {"model": "vacancies.vacancy", "pk": 32, "fields": {"title": "Дизайнер middle", "specialty": "design", "company": 2, "salary_from": 80000, "salary_to": 120000, "published_at": "2021-08-26T10:52:12.755Z", "skills": "Illustrator, Photoshop, InDesign", "description": "<p>11 лет занимаемся развитием собственных IT продуктов. Например: Biz-cen.ru — айрбнб для офисной коммерческой недвижимости. И Lashoestring.com — проект по продаже антиквариата со складом в Оксфорде, Британия.</p>\r\n\r\n <p><b>У нас вы получите:</b></p>\r\n\r\n <ul> \r\n<li>молодое и адекватное окружение;</li>\r\n <li>работу в компании, которая приносит реальную пользу клиентам;</li>\r\n <li>научим строить и организовывать процессы с другими людьми;</li> \r\n<li>постоянно развитие — купим книги и оплатим нужные курсы.</li>\r\n</ul>\r\n\r\n <p><b>Обязанности:</b></p> \r\n\r\n<ul>\r\n <li>подготовка и защита прототипов сайтов и приложений;</li>\r\n<li>анализ графических решений конкурентов, в схожей с задачей вертикали, для поиска наилучших интерфейсных и графических решений;</li> \r\n<li>подготовить графические, презентационные материалы для офиса в UK;</li>\r\n<li>взаимодействие с технической командой, проектным менеджером;</li> \r\n<li>свободный разговорный английский и опыт работы в студии или агентстве будет плюсом.</li> \r\n </ul>"}}, {"model": "vacancies.vacancy", "pk": 33, "fields": {"title": "Веб-дизайнер", "specialty": "design", "company": 1, "salary_from": 100000, "salary_to": 100000, "published_at": "2021-08-26T10:52:52.059Z", "skills": "Illustrator, Photoshop, InDesign", "description": "<p>Мы приглашаем талантливого дизайнера в нашу команду для работы над продвижением одних из наиболее популярных надстроек над Atlassian Jira и других наших продуктов по управлению проектами.</p>\r\n\r\n <p><b>Что ожидаем от вас:</b></p> \r\n\r\n<ul>\r\n <li>Профильный опыт от 3 лет в разработке айдентики и веб-проектов</li>\r\n<li>Безупречное чувство художественного вкуса и стиля, знание современных трендов в графическом дизайне и дизайне веб-интерфейсов</li> \r\n<li>Умение и желание создавать уникальный художественный контент</li>\r\n<li>Рисунок от руки</li> \r\n<li>Устный и письменный английский язык (intermediate и выше)</li> \r\n<li>Наличие портфолио (графика, айдентика, web) – обязательно.</li>\r\n </ul>"}}, {"model": "vacancies.vacancy", "pk": 34, "fields": {"title": "Middle C/C   разработчик", "specialty": "backend", "company": 6, "salary_from": 100000, "salary_to": 200000, "published_at": "2021-08-26T10:53:19.153Z", "skills": "C, C  , Git, ООП, Базы данных", "description": "<p>Развиваем приложение для изучения китайских слов и иероглифов. Хороши в контенте и дизайне, но не хватает правильного разработчика/разработчиков. Наша цель — сделать лидирующий мировой сервис для изучения китайского языка. В связи с чем ищем на полную или частичную удалённую занятость Senior/Middle iOS разработчика.</p> <p><b>Стек технологий:</b></p> <ul> <li>Swift</li> <li>Combine</li> <li>CoreData</li> <li>UI Constraints</li> <li>Git</li> </ul> <p><b>Что ожидаем от вас:</b></p> <ul> <li>студенты старших курсов и выпускники ВУЗов по Computer Science;</li> <li>понимание принципов ООП;</li> <li>владение английским языком (минимум Intermediate);</li> <li>готовность работать в команде;</li> <li>инициативность;</li> <li>ответственность и умение планировать своё время;</li> <li>умение понимать текущие задачи компании;</li> <li> понимание разницы между делать и сделать</li> </ul> <p>Предлагаем хорошую зарплату по рынку.</p>"}}, {"model": "vacancies.vacancy", "pk": 35, "fields": {"title": "Грамотный питон разработчик", "specialty": "backend", "company": 8, "salary_from": 60000, "salary_to": 90000, "published_at": "2021-08-26T10:53:39.893Z", "skills": "Python, Django, PostgreSQL, Git", "description": "<p>Наши основные направления: e-commerce, геосервисы, мессенджеры, распознавание образов, автоматизация, телефония и стартапы. Заказчики - крупные финансовые, IT, продуктовые компании России. Ищем опытного фулл-тайм python-разработчика для работы над проектами нашей компании.</p> <p><b>Что ждем от кандидата:</b></p> <ul> <li>Опыт коммерческой разработки на Python/Django от 2-х лет;</li> <li>Знания SQL (Postgres);</li> <li>Опыт написания клиент-серверных приложений;</li> <li>Умение оценивать объем и сроки работ;</li> <li>Git, системы bug tracking.</li> </ul> <p><b>Чем будете заниматься:</b></p> <ul> <li>Участвовать во всём процессе разработки - от проектирования до запуска.</li> <li>Оптимизировать работу приложения.</li> </ul> <p><b>Плюшки:</b></p> <ul> <li>Оклад от 140 000 руб на руки.;</li> <li>Удаленное сотрудничество с выстроенными процессами;</li> <li>Оформление по ТК РФ.</li> <li>Амбициозные проекты, интересные с профессиональной точки зрения задачи;</li> <li>Команда профессионалов.</li> </ul> <p>В отклике обязательно сопроводительное письмо, почему именно вы подходите на эту вакансию.</p>"}}, {"model": "vacancies.vacancy", "pk": 36, "fields": {"title": "Мидл программист на Python", "specialty": "backend", "company": 7, "salary_from": 100000, "salary_to": 150000, "published_at": "2021-08-26T10:54:00.440Z", "skills": "Python, Docker, MySQL", "description": "<p><b>Что ждем от кандидата:</b></p> <ul> <li>Опыт разработки на Python от 3 лет, участие в законченном коммерческом проекте, умение его грамотно описать;</li> <li>Django / Flask</li> <li>Опыт работы с 3D моделями и библиотеками для работы с ними (например Open3D) - будет преимуществом;</li> <li>Опыт работы с типовыми библиотеками NumPy, SciPy, OpenCV (trimesh, open3d, pyvista);</li> <li>SQL на базовом уровне;</li> <li>Понимание основных алгоритмов машинного обучения (линейная регрессия, random forest, catboost, нейронные сети и других);</li> <li>Математическое образование, опыт математического моделирования;</li> <li>Опыт работы с инструментами управления проектам.</li> </ul> <p><b>Чем будете заниматься:</b></p> <ul> <li>Оптимизация существующих методов виртуальной примерки обуви и разработка новых;</li> <li>Повышение скорости и точности работы виртуальной примерки обуви (от показателей SLA и выше);</li> <li>Использование библиотек и фреймворков numpy, pandas, scikit-learn, tensorflow, catboost, LightGBM, opencv;</li> <li>Разработка нейросетевых методов настройки виртуальной примерки обуви.</li> </ul> <p><b>Условия:</b></p> <ul> <li>Официальное оформление согласно ТК РФ;</li> <li>Работа с новейшим оборудованием;</li> <li>Возможность загранкомандировок на различные IT-семинары;</li> <li>График работы 5/2 с 9-00 до 18-00 (работа в офисе, не удаленно);</li> <li>Дружный коллектив и современный офис;</li> <li>Возможность дальнейшего карьерного роста.</li> </ul> <p>Окончательный уровень зарплаты обсуждается по итогам собеседования.</p>"}}, {"model": "vacancies.vacancy", "pk": 37, "fields": {"title": "Middle SWIFT-разработчик", "specialty": "backend", "company": 1, "salary_from": 150000, "salary_to": 200000, "published_at": "2021-08-26T10:54:21.331Z", "skills": "Swift, CoreData, Git, ООП, Базы данных", "description": "<p>Развиваем приложение для изучения китайских слов и иероглифов. Хороши в контенте и дизайне, но не хватает правильного разработчика/разработчиков. Наша цель — сделать лидирующий мировой сервис для изучения китайского языка. В связи с чем ищем на полную или частичную удалённую занятость Senior/Middle iOS разработчика.</p> <p><b>Стек технологий:</b></p> <ul> <li>Swift</li> <li>Combine</li> <li>CoreData</li> <li>UI Constraints</li> <li>Git</li> </ul> <p><b>Что ожидаем от вас:</b></p> <ul> <li>студенты старших курсов и выпускники ВУЗов по Computer Science;</li> <li>понимание принципов ООП;</li> <li>владение английским языком (минимум Intermediate);</li> <li>готовность работать в команде;</li> <li>инициативность;</li> <li>ответственность и умение планировать своё время;</li> <li>умение понимать текущие задачи компании;</li> <li> понимание разницы между делать и сделать</li> </ul> <p>Предлагаем хорошую зарплату по рынку.</p>"}}, {"model": "vacancies.vacancy", "pk": 38, "fields": {"title": "Разработчик в проект на Django", "specialty": "backend", "company": 6, "salary_from": 40000, "salary_to": 55000, "published_at": "2021-08-26T10:54:39.440Z", "skills": "Python, Django, PostgreSQL", "description": "Мы работаем на рынке веб-разработки уже более 10 лет. Основное направление - заказная разработка веб-сервисов и разработка собственных стартапов.</p> <p><b>Мы подойдем друг другу, если:</b></p> <ul> <li>вы хорошо разбираетесь в Python и Django, опыт работы от 3-х лет, принимали участие как минимум в нескольких проектах, работали в команде.</li> <li>вы хотите работать в компании единомышленников среди Django-разработчиков.</li> <li>вам интересно работать над стартапами, участвовать в жизни их становления</li> <li>вы не любите бюрократию, планерки, митапы, презентации, совещания и пр. вещи, которые отвлекают от работы</li> <li>вы жаворонок, потому что знаете, что утром голова работает лучше и задачи решаются быстрее</li> <li>вы уже знаете, что идеальных ТЗ не бывает</li> <li>вы понимаете, что прежде чем отдать задачу на проверку тестировщику надо самим все хорошо проверить. А если у проекта нет тестировщика (что периодически бывает), то проверить все дважды.</li> <li>вы понимаете, что нужно соблюдать баланс между качеством кода и длительностью разработки</li> <li>вы любите делиться знаниями, не боитесь обращаться за помощью к коллегам</li> <li>вы самостоятельный и ответственный, умеете здраво оценивать свои силы</li> </ul> <p><b>Как у нас все устроено:</b></p> <ul> <li>в качестве мессенджера Slack</li> <li>ведение задач в Gitlab</li> <li>таймтрекинг в Toggl</li> <li>проекты завернуты в Docker</li> <li>CI/CD настроен</li> <li>Тесты пишем редко (только ключевой функционал покрываем при необходимости)</li></ul> <p><b>Что предлагаем:</b></p> <ul> <li>Стабильную удаленную работу</li> <li>Проектную работу/Официальное трудоустройство</li> <li>Почасовую оплату/Оплату за месяц</li> <li>Обсуждаемое количество рабочих часов в месяц (100-200)</li> <li>Регулярные выплаты (2 раза в месяц)</li> <li>Лояльный рабочий график, начало рабочего дня не позже 10 по мск</li> <li>Интересные проекты, сложные задачи, работа с современными технологиями</li> </ul>"}}, {"model": "vacancies.vacancy", "pk": 39, "fields": {"title": "Разработчик на Python", "specialty": "backend", "company": 3, "salary_from": 55000, "salary_to": 60000, "published_at": "2021-08-26T10:55:01.569Z", "skills": "Python, Nginx, Git, Django, Docker, Kubernetes, Высоконагруженные системы, HTML2", "description": "<p><b>Что ждем от кандидата:</b></p> <ul> <li>Опыт разработки на Python от 3 лет, участие в законченном коммерческом проекте, умение его грамотно описать;</li> <li>Django / Flask</li> <li>Опыт работы с 3D моделями и библиотеками для работы с ними (например Open3D) - будет преимуществом;</li> <li>Опыт работы с типовыми библиотеками NumPy, SciPy, OpenCV (trimesh, open3d, pyvista);</li> <li>SQL на базовом уровне;</li> <li>Понимание основных алгоритмов машинного обучения (линейная регрессия, random forest, catboost, нейронные сети и других);</li> <li>Математическое образование, опыт математического моделирования;</li> <li>Опыт работы с инструментами управления проектам.</li> </ul> <p><b>Чем будете заниматься:</b></p> <ul> <li>Оптимизация существующих методов виртуальной примерки обуви и разработка новых;</li> <li>Повышение скорости и точности работы виртуальной примерки обуви (от показателей SLA и выше);</li> <li>Использование библиотек и фреймворков numpy, pandas, scikit-learn, tensorflow, catboost, LightGBM, opencv;</li> <li>Разработка нейросетевых методов настройки виртуальной примерки обуви.</li> </ul> <p><b>Условия:</b></p> <ul> <li>Официальное оформление согласно ТК РФ;</li> <li>Работа с новейшим оборудованием;</li> <li>Возможность загранкомандировок на различные IT-семинары;</li> <li>График работы 5/2 с 9-00 до 18-00 (работа в офисе, не удаленно);</li> <li>Дружный коллектив и современный офис;</li> <li>Возможность дальнейшего карьерного роста.</li> </ul> <p>Окончательный уровень зарплаты обсуждается по итогам собеседования.</p>"}}, {"model": "vacancies.application", "pk": 1, "fields": {"written_username": "михаил", "written_phone": "79992116677", "written_cover_letter": "", "vacancy": 28, "user": "denis"}}, {"model": "vacancies.application", "pk": 2, "fields": {"written_username": "михаил", "written_phone": "79992116677", "written_cover_letter": "", "vacancy": 28, "user": "denis"}}, {"model": "vacancies.application", "pk": 3, "fields": {"written_username": "Test", "written_phone": "79992116677", "written_cover_letter": "", "vacancy": 28, "user": "denis"}}, {"model": "vacancies.application", "pk": 4, "fields": {"written_username": "Test", "written_phone": "79992116677", "written_cover_letter": "", "vacancy": 28, "user": "denis"}}, {"model": "vacancies.resume", "pk": 1, "fields": {"user": 8, "specialty": "backend", "name": "Имя", "surname": "Фамилия", "status": null, "salary": null, "education": "", "grade": null, "experience": "", "portfolio": ""}}, {"model": "vacancies.resume", "pk": 2, "fields": {"user": 14, "specialty": "backend", "name": "Имя", "surname": "Фамилия", "status": "Ищу работу", "salary": 10000, "education": "safafsd", "grade": "Стажер", "experience": "safsdfsadf", "portfolio": ""}}, {"model": "vacancies.resume", "pk": 3, "fields": {"user": 12, "specialty": "backend", "name": "Имя", "surname": "Фамилия", "status": null, "salary": null, "education": "", "grade": null, "experience": "", "portfolio": ""}}, {"model": "vacancies.resume", "pk": 4, "fields": {"user": 11, "specialty": "backend", "name": "Имя", "surname": "Фамилия", "status": null, "salary": null, "education": "", "grade": null, "experience": "", "portfolio": ""}}]
